"recipeClass","productIndex","productName","productClass","line","lineType","itemIndex","itemName","className","qty"
"MurcielSword","400","摩西尔之剑","MurcielSword","0","成品行","400","摩西尔之剑","MurcielSword","99"
"MurcielSword","400","摩西尔之剑","MurcielSword","1","三级/中间材料","302","液体 金属 铸块","Lv12Refine_LiquidMetal_I","5"
"MurcielSword","400","摩西尔之剑","MurcielSword","2","二级材料","200","锆","Lv12Refine_Zirconium","2"
"MurcielSword","400","摩西尔之剑","MurcielSword","3","二级材料","201","钛","Lv12Refine_Titanium","2"
"MurcielSword","400","摩西尔之剑","MurcielSword","4","二级材料","202","镍","Lv12Refine_Nickel","2"
"MurcielSword","400","摩西尔之剑","MurcielSword","5","二级材料","203","铜","Lv12Refine_Copper","2"
"MurcielSword","400","摩西尔之剑","MurcielSword","6","三级/中间材料","303","钢铁 补丁铁","Lv12Refine_SteelHasp","1"
"MurcielSword","400","摩西尔之剑","MurcielSword","7","二级材料","204","钢铁","Steel","700"
"MurcielSword","400","摩西尔之剑","MurcielSword","8","二级材料","205","合金粉","AlloyPowder","650"
"MurcielSword","400","摩西尔之剑","MurcielSword","9","二级材料","206","一般 补丁铁","Lv12Refine_Hasp","1"
"MurcielSword","400","摩西尔之剑","MurcielSword","10","三级/中间材料","300","红色基诺之星","MixGem","6"
"MurcielSword","400","摩西尔之剑","MurcielSword","11","三级/中间材料","304","邪恶守护者的文章","Advance_Item_Insignia","4"
"MurcielSword","400","摩西尔之剑","MurcielSword","12","三级/中间材料","301","艾拉恩的 雅拉无 咒文书","Lv12Refine_YellowScroll","1"
"MurcielShield","405","摩西尔之盾","MurcielShield","0","成品行","405","摩西尔之盾","MurcielShield","99"
"MurcielShield","405","摩西尔之盾","MurcielShield","1","三级/中间材料","302","液体 金属 铸块","Lv12Refine_LiquidMetal_I","4"
"MurcielShield","405","摩西尔之盾","MurcielShield","2","二级材料","200","锆","Lv12Refine_Zirconium","2"
"MurcielShield","405","摩西尔之盾","MurcielShield","3","二级材料","201","钛","Lv12Refine_Titanium","2"
"MurcielShield","405","摩西尔之盾","MurcielShield","4","二级材料","202","镍","Lv12Refine_Nickel","2"
"MurcielShield","405","摩西尔之盾","MurcielShield","5","二级材料","203","铜","Lv12Refine_Copper","2"
"MurcielShield","405","摩西尔之盾","MurcielShield","6","三级/中间材料","303","钢铁 补丁铁","Lv12Refine_SteelHasp","1"
"MurcielShield","405","摩西尔之盾","MurcielShield","7","二级材料","204","钢铁","Steel","700"
"MurcielShield","405","摩西尔之盾","MurcielShield","8","二级材料","205","合金粉","AlloyPowder","650"
"MurcielShield","405","摩西尔之盾","MurcielShield","9","二级材料","206","一般 补丁铁","Lv12Refine_Hasp","1"
"MurcielShield","405","摩西尔之盾","MurcielShield","10","三级/中间材料","300","红色基诺之星","MixGem","4"
"MurcielShield","405","摩西尔之盾","MurcielShield","11","三级/中间材料","304","邪恶守护者的文章","Advance_Item_Insignia","4"
"MurcielShield","405","摩西尔之盾","MurcielShield","12","三级/中间材料","301","艾拉恩的 雅拉无 咒文书","Lv12Refine_YellowScroll","1"
"MurcielHelmet","401","摩西尔之盔","MurcielHelmet","0","成品行","401","摩西尔之盔","MurcielHelmet","99"
"MurcielHelmet","401","摩西尔之盔","MurcielHelmet","1","三级/中间材料","302","液体 金属 铸块","Lv12Refine_LiquidMetal_I","2"
"MurcielHelmet","401","摩西尔之盔","MurcielHelmet","2","二级材料","200","锆","Lv12Refine_Zirconium","2"
"MurcielHelmet","401","摩西尔之盔","MurcielHelmet","3","二级材料","201","钛","Lv12Refine_Titanium","2"
"MurcielHelmet","401","摩西尔之盔","MurcielHelmet","4","二级材料","202","镍","Lv12Refine_Nickel","2"
"MurcielHelmet","401","摩西尔之盔","MurcielHelmet","5","二级材料","203","铜","Lv12Refine_Copper","2"
"MurcielHelmet","401","摩西尔之盔","MurcielHelmet","6","三级/中间材料","303","钢铁 补丁铁","Lv12Refine_SteelHasp","1"
"MurcielHelmet","401","摩西尔之盔","MurcielHelmet","7","二级材料","204","钢铁","Steel","700"
"MurcielHelmet","401","摩西尔之盔","MurcielHelmet","8","二级材料","205","合金粉","AlloyPowder","650"
"MurcielHelmet","401","摩西尔之盔","MurcielHelmet","9","二级材料","206","一般 补丁铁","Lv12Refine_Hasp","1"
"MurcielHelmet","401","摩西尔之盔","MurcielHelmet","10","三级/中间材料","300","红色基诺之星","MixGem","3"
"MurcielHelmet","401","摩西尔之盔","MurcielHelmet","11","三级/中间材料","304","邪恶守护者的文章","Advance_Item_Insignia","3"
"MurcielHelmet","401","摩西尔之盔","MurcielHelmet","12","三级/中间材料","301","艾拉恩的 雅拉无 咒文书","Lv12Refine_YellowScroll","1"
"MurcielArmor","402","摩西尔之铠","MurcielArmor","0","成品行","402","摩西尔之铠","MurcielArmor","99"
"MurcielArmor","402","摩西尔之铠","MurcielArmor","1","三级/中间材料","302","液体 金属 铸块","Lv12Refine_LiquidMetal_I","3"
"MurcielArmor","402","摩西尔之铠","MurcielArmor","2","二级材料","200","锆","Lv12Refine_Zirconium","2"
"MurcielArmor","402","摩西尔之铠","MurcielArmor","3","二级材料","201","钛","Lv12Refine_Titanium","2"
"MurcielArmor","402","摩西尔之铠","MurcielArmor","4","二级材料","202","镍","Lv12Refine_Nickel","2"
"MurcielArmor","402","摩西尔之铠","MurcielArmor","5","二级材料","203","铜","Lv12Refine_Copper","2"
"MurcielArmor","402","摩西尔之铠","MurcielArmor","6","三级/中间材料","303","钢铁 补丁铁","Lv12Refine_SteelHasp","1"
"MurcielArmor","402","摩西尔之铠","MurcielArmor","7","二级材料","204","钢铁","Steel","700"
"MurcielArmor","402","摩西尔之铠","MurcielArmor","8","二级材料","205","合金粉","AlloyPowder","650"
"MurcielArmor","402","摩西尔之铠","MurcielArmor","9","二级材料","206","一般 补丁铁","Lv12Refine_Hasp","1"
"MurcielArmor","402","摩西尔之铠","MurcielArmor","10","三级/中间材料","300","红色基诺之星","MixGem","5"
"MurcielArmor","402","摩西尔之铠","MurcielArmor","11","三级/中间材料","304","邪恶守护者的文章","Advance_Item_Insignia","3"
"MurcielArmor","402","摩西尔之铠","MurcielArmor","12","三级/中间材料","301","艾拉恩的 雅拉无 咒文书","Lv12Refine_YellowScroll","1"
"MurcielVambrace","403","摩西尔之手","MurcielVambrace","0","成品行","403","摩西尔之手","MurcielVambrace","99"
"MurcielVambrace","403","摩西尔之手","MurcielVambrace","1","三级/中间材料","302","液体 金属 铸块","Lv12Refine_LiquidMetal_I","1"
"MurcielVambrace","403","摩西尔之手","MurcielVambrace","2","二级材料","200","锆","Lv12Refine_Zirconium","2"
"MurcielVambrace","403","摩西尔之手","MurcielVambrace","3","二级材料","201","钛","Lv12Refine_Titanium","2"
"MurcielVambrace","403","摩西尔之手","MurcielVambrace","4","二级材料","202","镍","Lv12Refine_Nickel","2"
"MurcielVambrace","403","摩西尔之手","MurcielVambrace","5","二级材料","203","铜","Lv12Refine_Copper","2"
"MurcielVambrace","403","摩西尔之手","MurcielVambrace","6","三级/中间材料","303","钢铁 补丁铁","Lv12Refine_SteelHasp","1"
"MurcielVambrace","403","摩西尔之手","MurcielVambrace","7","二级材料","204","钢铁","Steel","700"
"MurcielVambrace","403","摩西尔之手","MurcielVambrace","8","二级材料","205","合金粉","AlloyPowder","650"
"MurcielVambrace","403","摩西尔之手","MurcielVambrace","9","二级材料","206","一般 补丁铁","Lv12Refine_Hasp","1"
"MurcielVambrace","403","摩西尔之手","MurcielVambrace","10","三级/中间材料","300","红色基诺之星","MixGem","2"
"MurcielVambrace","403","摩西尔之手","MurcielVambrace","11","三级/中间材料","304","邪恶守护者的文章","Advance_Item_Insignia","2"
"MurcielVambrace","403","摩西尔之手","MurcielVambrace","12","三级/中间材料","301","艾拉恩的 雅拉无 咒文书","Lv12Refine_YellowScroll","1"
"MurcielBoots","404","摩西尔之靴","MurcielBoots","0","成品行","404","摩西尔之靴","MurcielBoots","99"
"MurcielBoots","404","摩西尔之靴","MurcielBoots","1","三级/中间材料","302","液体 金属 铸块","Lv12Refine_LiquidMetal_I","2"
"MurcielBoots","404","摩西尔之靴","MurcielBoots","2","二级材料","200","锆","Lv12Refine_Zirconium","2"
"MurcielBoots","404","摩西尔之靴","MurcielBoots","3","二级材料","201","钛","Lv12Refine_Titanium","2"
"MurcielBoots","404","摩西尔之靴","MurcielBoots","4","二级材料","202","镍","Lv12Refine_Nickel","2"
"MurcielBoots","404","摩西尔之靴","MurcielBoots","5","二级材料","203","铜","Lv12Refine_Copper","2"
"MurcielBoots","404","摩西尔之靴","MurcielBoots","6","三级/中间材料","303","钢铁 补丁铁","Lv12Refine_SteelHasp","1"
"MurcielBoots","404","摩西尔之靴","MurcielBoots","7","二级材料","204","钢铁","Steel","700"
"MurcielBoots","404","摩西尔之靴","MurcielBoots","8","二级材料","205","合金粉","AlloyPowder","650"
"MurcielBoots","404","摩西尔之靴","MurcielBoots","9","二级材料","206","一般 补丁铁","Lv12Refine_Hasp","1"
"MurcielBoots","404","摩西尔之靴","MurcielBoots","10","三级/中间材料","300","红色基诺之星","MixGem","3"
"MurcielBoots","404","摩西尔之靴","MurcielBoots","11","三级/中间材料","304","邪恶守护者的文章","Advance_Item_Insignia","3"
"MurcielBoots","404","摩西尔之靴","MurcielBoots","12","三级/中间材料","301","艾拉恩的 雅拉无 咒文书","Lv12Refine_YellowScroll","1"
"AcordGauntlet","406","阿克德拳套","AcordGauntlet","0","成品行","406","阿克德拳套","AcordGauntlet","99"
"AcordGauntlet","406","阿克德拳套","AcordGauntlet","1","三级/中间材料","305","绿色 蜘蛛 铸铁 矿石 铸块","Lv12Refine_BlueSpiderStone_IO_I","5"
"AcordGauntlet","406","阿克德拳套","AcordGauntlet","2","二级材料","207","绿色 蜘蛛矿石","Lv12Refine_BlueSpiderStone","2"
"AcordGauntlet","406","阿克德拳套","AcordGauntlet","3","二级材料","208","铸铁 矿石 铸块","Lv12Refine_IronOre_I","2"
"AcordGauntlet","406","阿克德拳套","AcordGauntlet","4","二级材料","202","镍","Lv12Refine_Nickel","2"
"AcordGauntlet","406","阿克德拳套","AcordGauntlet","5","二级材料","203","铜","Lv12Refine_Copper","2"
"AcordGauntlet","406","阿克德拳套","AcordGauntlet","6","三级/中间材料","306","魔力的 绿色 涂料","Lv12Refine_ManaPaint_Blue","1"
"AcordGauntlet","406","阿克德拳套","AcordGauntlet","7","二级材料","209","蓝色 枢纽","Lv12Refine_BlueHerb","2"
"AcordGauntlet","406","阿克德拳套","AcordGauntlet","8","二级材料","210","魔力石","PowerGem","400"
"AcordGauntlet","406","阿克德拳套","AcordGauntlet","9","二级材料","211","腰果 涂料","Lv12Refine_CashewPaint","1"
"AcordGauntlet","406","阿克德拳套","AcordGauntlet","10","二级材料","212","福尔马林 混合物","Lv12Refine_MixFormalin","1"
"AcordGauntlet","406","阿克德拳套","AcordGauntlet","11","三级/中间材料","300","红色基诺之星","MixGem","6"
"AcordGauntlet","406","阿克德拳套","AcordGauntlet","12","三级/中间材料","307","地狱傀儡的拳头","Advance_Item_Fist","4"
"AcordGauntlet","406","阿克德拳套","AcordGauntlet","13","三级/中间材料","301","艾拉恩的 雅拉无 咒文书","Lv12Refine_YellowScroll","1"
"AcordProtector","411","阿克德之盾","AcordProtector","0","成品行","411","阿克德之盾","AcordProtector","99"
"AcordProtector","411","阿克德之盾","AcordProtector","1","三级/中间材料","305","绿色 蜘蛛 铸铁 矿石 铸块","Lv12Refine_BlueSpiderStone_IO_I","4"
"AcordProtector","411","阿克德之盾","AcordProtector","2","二级材料","207","绿色 蜘蛛矿石","Lv12Refine_BlueSpiderStone","2"
"AcordProtector","411","阿克德之盾","AcordProtector","3","二级材料","208","铸铁 矿石 铸块","Lv12Refine_IronOre_I","2"
"AcordProtector","411","阿克德之盾","AcordProtector","4","二级材料","202","镍","Lv12Refine_Nickel","2"
"AcordProtector","411","阿克德之盾","AcordProtector","5","二级材料","203","铜","Lv12Refine_Copper","2"
"AcordProtector","411","阿克德之盾","AcordProtector","6","三级/中间材料","306","魔力的 绿色 涂料","Lv12Refine_ManaPaint_Blue","1"
"AcordProtector","411","阿克德之盾","AcordProtector","7","二级材料","209","蓝色 枢纽","Lv12Refine_BlueHerb","2"
"AcordProtector","411","阿克德之盾","AcordProtector","8","二级材料","210","魔力石","PowerGem","400"
"AcordProtector","411","阿克德之盾","AcordProtector","9","二级材料","211","腰果 涂料","Lv12Refine_CashewPaint","1"
"AcordProtector","411","阿克德之盾","AcordProtector","10","二级材料","212","福尔马林 混合物","Lv12Refine_MixFormalin","1"
"AcordProtector","411","阿克德之盾","AcordProtector","11","三级/中间材料","300","红色基诺之星","MixGem","4"
"AcordProtector","411","阿克德之盾","AcordProtector","12","三级/中间材料","307","地狱傀儡的拳头","Advance_Item_Fist","4"
"AcordProtector","411","阿克德之盾","AcordProtector","13","三级/中间材料","301","艾拉恩的 雅拉无 咒文书","Lv12Refine_YellowScroll","1"
"AcordArmor","408","阿克德之铠","AcordArmor","0","成品行","408","阿克德之铠","AcordArmor","99"
"AcordArmor","408","阿克德之铠","AcordArmor","1","三级/中间材料","305","绿色 蜘蛛 铸铁 矿石 铸块","Lv12Refine_BlueSpiderStone_IO_I","3"
"AcordArmor","408","阿克德之铠","AcordArmor","2","二级材料","207","绿色 蜘蛛矿石","Lv12Refine_BlueSpiderStone","2"
"AcordArmor","408","阿克德之铠","AcordArmor","3","二级材料","208","铸铁 矿石 铸块","Lv12Refine_IronOre_I","2"
"AcordArmor","408","阿克德之铠","AcordArmor","4","二级材料","202","镍","Lv12Refine_Nickel","2"
"AcordArmor","408","阿克德之铠","AcordArmor","5","二级材料","203","铜","Lv12Refine_Copper","2"
"AcordArmor","408","阿克德之铠","AcordArmor","6","三级/中间材料","306","魔力的 绿色 涂料","Lv12Refine_ManaPaint_Blue","1"
"AcordArmor","408","阿克德之铠","AcordArmor","7","二级材料","209","蓝色 枢纽","Lv12Refine_BlueHerb","2"
"AcordArmor","408","阿克德之铠","AcordArmor","8","二级材料","210","魔力石","PowerGem","400"
"AcordArmor","408","阿克德之铠","AcordArmor","9","二级材料","211","腰果 涂料","Lv12Refine_CashewPaint","1"
"AcordArmor","408","阿克德之铠","AcordArmor","10","二级材料","212","福尔马林 混合物","Lv12Refine_MixFormalin","1"
"AcordArmor","408","阿克德之铠","AcordArmor","11","三级/中间材料","300","红色基诺之星","MixGem","5"
"AcordArmor","408","阿克德之铠","AcordArmor","12","三级/中间材料","307","地狱傀儡的拳头","Advance_Item_Fist","3"
"AcordArmor","408","阿克德之铠","AcordArmor","13","三级/中间材料","301","艾拉恩的 雅拉无 咒文书","Lv12Refine_YellowScroll","1"
"AcordHelmet","407","阿克德之盔","AcordHelmet","0","成品行","407","阿克德之盔","AcordHelmet","99"
"AcordHelmet","407","阿克德之盔","AcordHelmet","1","三级/中间材料","305","绿色 蜘蛛 铸铁 矿石 铸块","Lv12Refine_BlueSpiderStone_IO_I","2"
"AcordHelmet","407","阿克德之盔","AcordHelmet","2","二级材料","207","绿色 蜘蛛矿石","Lv12Refine_BlueSpiderStone","2"
"AcordHelmet","407","阿克德之盔","AcordHelmet","3","二级材料","208","铸铁 矿石 铸块","Lv12Refine_IronOre_I","2"
"AcordHelmet","407","阿克德之盔","AcordHelmet","4","二级材料","202","镍","Lv12Refine_Nickel","2"
"AcordHelmet","407","阿克德之盔","AcordHelmet","5","二级材料","203","铜","Lv12Refine_Copper","2"
"AcordHelmet","407","阿克德之盔","AcordHelmet","6","三级/中间材料","306","魔力的 绿色 涂料","Lv12Refine_ManaPaint_Blue","1"
"AcordHelmet","407","阿克德之盔","AcordHelmet","7","二级材料","209","蓝色 枢纽","Lv12Refine_BlueHerb","2"
"AcordHelmet","407","阿克德之盔","AcordHelmet","8","二级材料","210","魔力石","PowerGem","400"
"AcordHelmet","407","阿克德之盔","AcordHelmet","9","二级材料","211","腰果 涂料","Lv12Refine_CashewPaint","1"
"AcordHelmet","407","阿克德之盔","AcordHelmet","10","二级材料","212","福尔马林 混合物","Lv12Refine_MixFormalin","1"
"AcordHelmet","407","阿克德之盔","AcordHelmet","11","三级/中间材料","300","红色基诺之星","MixGem","3"
"AcordHelmet","407","阿克德之盔","AcordHelmet","12","三级/中间材料","307","地狱傀儡的拳头","Advance_Item_Fist","3"
"AcordHelmet","407","阿克德之盔","AcordHelmet","13","三级/中间材料","301","艾拉恩的 雅拉无 咒文书","Lv12Refine_YellowScroll","1"
"AcordBoots","410","阿克德之靴","AcordBoots","0","成品行","410","阿克德之靴","AcordBoots","99"
"AcordBoots","410","阿克德之靴","AcordBoots","1","三级/中间材料","305","绿色 蜘蛛 铸铁 矿石 铸块","Lv12Refine_BlueSpiderStone_IO_I","2"
"AcordBoots","410","阿克德之靴","AcordBoots","2","二级材料","207","绿色 蜘蛛矿石","Lv12Refine_BlueSpiderStone","2"
"AcordBoots","410","阿克德之靴","AcordBoots","3","二级材料","208","铸铁 矿石 铸块","Lv12Refine_IronOre_I","2"
"AcordBoots","410","阿克德之靴","AcordBoots","4","二级材料","202","镍","Lv12Refine_Nickel","2"
"AcordBoots","410","阿克德之靴","AcordBoots","5","二级材料","203","铜","Lv12Refine_Copper","2"
"AcordBoots","410","阿克德之靴","AcordBoots","6","三级/中间材料","306","魔力的 绿色 涂料","Lv12Refine_ManaPaint_Blue","1"
"AcordBoots","410","阿克德之靴","AcordBoots","7","二级材料","209","蓝色 枢纽","Lv12Refine_BlueHerb","2"
"AcordBoots","410","阿克德之靴","AcordBoots","8","二级材料","210","魔力石","PowerGem","400"
"AcordBoots","410","阿克德之靴","AcordBoots","9","二级材料","211","腰果 涂料","Lv12Refine_CashewPaint","1"
"AcordBoots","410","阿克德之靴","AcordBoots","10","二级材料","212","福尔马林 混合物","Lv12Refine_MixFormalin","1"
"AcordBoots","410","阿克德之靴","AcordBoots","11","三级/中间材料","300","红色基诺之星","MixGem","3"
"AcordBoots","410","阿克德之靴","AcordBoots","12","三级/中间材料","307","地狱傀儡的拳头","Advance_Item_Fist","3"
"AcordBoots","410","阿克德之靴","AcordBoots","13","三级/中间材料","301","艾拉恩的 雅拉无 咒文书","Lv12Refine_YellowScroll","1"
"AcordVambrace","409","阿克德之手","AcordVambrace","0","成品行","409","阿克德之手","AcordVambrace","99"
"AcordVambrace","409","阿克德之手","AcordVambrace","1","三级/中间材料","305","绿色 蜘蛛 铸铁 矿石 铸块","Lv12Refine_BlueSpiderStone_IO_I","1"
"AcordVambrace","409","阿克德之手","AcordVambrace","2","二级材料","207","绿色 蜘蛛矿石","Lv12Refine_BlueSpiderStone","2"
"AcordVambrace","409","阿克德之手","AcordVambrace","3","二级材料","208","铸铁 矿石 铸块","Lv12Refine_IronOre_I","2"
"AcordVambrace","409","阿克德之手","AcordVambrace","4","二级材料","202","镍","Lv12Refine_Nickel","2"
"AcordVambrace","409","阿克德之手","AcordVambrace","5","二级材料","203","铜","Lv12Refine_Copper","2"
"AcordVambrace","409","阿克德之手","AcordVambrace","6","三级/中间材料","306","魔力的 绿色 涂料","Lv12Refine_ManaPaint_Blue","1"
"AcordVambrace","409","阿克德之手","AcordVambrace","7","二级材料","209","蓝色 枢纽","Lv12Refine_BlueHerb","2"
"AcordVambrace","409","阿克德之手","AcordVambrace","8","二级材料","210","魔力石","PowerGem","400"
"AcordVambrace","409","阿克德之手","AcordVambrace","9","二级材料","211","腰果 涂料","Lv12Refine_CashewPaint","1"
"AcordVambrace","409","阿克德之手","AcordVambrace","10","二级材料","212","福尔马林 混合物","Lv12Refine_MixFormalin","1"
"AcordVambrace","409","阿克德之手","AcordVambrace","11","三级/中间材料","300","红色基诺之星","MixGem","2"
"AcordVambrace","409","阿克德之手","AcordVambrace","12","三级/中间材料","307","地狱傀儡的拳头","Advance_Item_Fist","2"
"AcordVambrace","409","阿克德之手","AcordVambrace","13","三级/中间材料","301","艾拉恩的 雅拉无 咒文书","Lv12Refine_YellowScroll","1"
"AblazeStaff","412","阿博雷兹法杖","AblazeStaff","0","成品行","412","阿博雷兹法杖","AblazeStaff","99"
"AblazeStaff","412","阿博雷兹法杖","AblazeStaff","1","三级/中间材料","308","燃起的烟火 衣料","Lv12Refine_FireCloth","5"
"AblazeStaff","412","阿博雷兹法杖","AblazeStaff","2","二级材料","213","萨菲罗斯 衣料","Lv12Refine_SephirothCloth","5"
"AblazeStaff","412","阿博雷兹法杖","AblazeStaff","3","二级材料","214","烟火之净水","Lv12Refine_Marrow_Fire","1"
"AblazeStaff","412","阿博雷兹法杖","AblazeStaff","4","三级/中间材料","309","皮带","Strap","2000"
"AblazeStaff","412","阿博雷兹法杖","AblazeStaff","5","三级/中间材料","310","魔力的 净水","Lv12Refine_Magic_Cream","1"
"AblazeStaff","412","阿博雷兹法杖","AblazeStaff","6","二级材料","215","精工宝石","WareGemstone","50"
"AblazeStaff","412","阿博雷兹法杖","AblazeStaff","7","二级材料","210","魔力石","PowerGem","50"
"AblazeStaff","412","阿博雷兹法杖","AblazeStaff","8","三级/中间材料","311","火山的 钢绞线","Lv12Refine_Yarn_Red","1"
"AblazeStaff","412","阿博雷兹法杖","AblazeStaff","9","二级材料","216","火山的 茧","Lv12Refine_Cocoon_Red","3"
"AblazeStaff","412","阿博雷兹法杖","AblazeStaff","10","三级/中间材料","312","魔力的 红色颜料","Lv12Refine_ManaDye_Red","2"
"AblazeStaff","412","阿博雷兹法杖","AblazeStaff","11","二级材料","210","魔力石","PowerGem","160"
"AblazeStaff","412","阿博雷兹法杖","AblazeStaff","12","二级材料","217","特殊 稀释剂","SpecialDiluted","1"
"AblazeStaff","412","阿博雷兹法杖","AblazeStaff","13","二级材料","218","红色天然颜料","Lv12Refine_Dye_Red","1"
"AblazeStaff","412","阿博雷兹法杖","AblazeStaff","14","三级/中间材料","300","红色基诺之星","MixGem","4"
"AblazeStaff","412","阿博雷兹法杖","AblazeStaff","15","三级/中间材料","313","恶魔术士的蓝宝石","Advance_Item_RedJewel","3"
"AblazeStaff","412","阿博雷兹法杖","AblazeStaff","16","三级/中间材料","301","艾拉恩的 雅拉无 咒文书","Lv12Refine_YellowScroll","1"
"AblazeGarment","414","阿博雷兹之服","AblazeGarment","0","成品行","414","阿博雷兹之服","AblazeGarment","99"
"AblazeGarment","414","阿博雷兹之服","AblazeGarment","1","三级/中间材料","308","燃起的烟火 衣料","Lv12Refine_FireCloth","3"
"AblazeGarment","414","阿博雷兹之服","AblazeGarment","2","二级材料","213","萨菲罗斯 衣料","Lv12Refine_SephirothCloth","5"
"AblazeGarment","414","阿博雷兹之服","AblazeGarment","3","二级材料","214","烟火之净水","Lv12Refine_Marrow_Fire","1"
"AblazeGarment","414","阿博雷兹之服","AblazeGarment","4","三级/中间材料","309","皮带","Strap","2000"
"AblazeGarment","414","阿博雷兹之服","AblazeGarment","5","三级/中间材料","310","魔力的 净水","Lv12Refine_Magic_Cream","1"
"AblazeGarment","414","阿博雷兹之服","AblazeGarment","6","二级材料","215","精工宝石","WareGemstone","50"
"AblazeGarment","414","阿博雷兹之服","AblazeGarment","7","二级材料","210","魔力石","PowerGem","50"
"AblazeGarment","414","阿博雷兹之服","AblazeGarment","8","三级/中间材料","311","火山的 钢绞线","Lv12Refine_Yarn_Red","1"
"AblazeGarment","414","阿博雷兹之服","AblazeGarment","9","二级材料","216","火山的 茧","Lv12Refine_Cocoon_Red","3"
"AblazeGarment","414","阿博雷兹之服","AblazeGarment","10","三级/中间材料","312","魔力的 红色颜料","Lv12Refine_ManaDye_Red","2"
"AblazeGarment","414","阿博雷兹之服","AblazeGarment","11","二级材料","210","魔力石","PowerGem","160"
"AblazeGarment","414","阿博雷兹之服","AblazeGarment","12","二级材料","217","特殊 稀释剂","SpecialDiluted","1"
"AblazeGarment","414","阿博雷兹之服","AblazeGarment","13","二级材料","218","红色天然颜料","Lv12Refine_Dye_Red","1"
"AblazeGarment","414","阿博雷兹之服","AblazeGarment","14","三级/中间材料","300","红色基诺之星","MixGem","3"
"AblazeGarment","414","阿博雷兹之服","AblazeGarment","15","三级/中间材料","313","恶魔术士的蓝宝石","Advance_Item_RedJewel","3"
"AblazeGarment","414","阿博雷兹之服","AblazeGarment","16","三级/中间材料","301","艾拉恩的 雅拉无 咒文书","Lv12Refine_YellowScroll","1"
"AblazeHelmet","413","阿博雷兹之盔","AblazeHelmet","0","成品行","413","阿博雷兹之盔","AblazeHelmet","99"
"AblazeHelmet","413","阿博雷兹之盔","AblazeHelmet","1","三级/中间材料","308","燃起的烟火 衣料","Lv12Refine_FireCloth","2"
"AblazeHelmet","413","阿博雷兹之盔","AblazeHelmet","2","二级材料","213","萨菲罗斯 衣料","Lv12Refine_SephirothCloth","5"
"AblazeHelmet","413","阿博雷兹之盔","AblazeHelmet","3","二级材料","214","烟火之净水","Lv12Refine_Marrow_Fire","1"
"AblazeHelmet","413","阿博雷兹之盔","AblazeHelmet","4","三级/中间材料","309","皮带","Strap","2000"
"AblazeHelmet","413","阿博雷兹之盔","AblazeHelmet","5","三级/中间材料","310","魔力的 净水","Lv12Refine_Magic_Cream","1"
"AblazeHelmet","413","阿博雷兹之盔","AblazeHelmet","6","二级材料","215","精工宝石","WareGemstone","50"
"AblazeHelmet","413","阿博雷兹之盔","AblazeHelmet","7","二级材料","210","魔力石","PowerGem","50"
"AblazeHelmet","413","阿博雷兹之盔","AblazeHelmet","8","三级/中间材料","311","火山的 钢绞线","Lv12Refine_Yarn_Red","1"
"AblazeHelmet","413","阿博雷兹之盔","AblazeHelmet","9","二级材料","216","火山的 茧","Lv12Refine_Cocoon_Red","3"
"AblazeHelmet","413","阿博雷兹之盔","AblazeHelmet","10","三级/中间材料","312","魔力的 红色颜料","Lv12Refine_ManaDye_Red","2"
"AblazeHelmet","413","阿博雷兹之盔","AblazeHelmet","11","二级材料","210","魔力石","PowerGem","160"
"AblazeHelmet","413","阿博雷兹之盔","AblazeHelmet","12","二级材料","217","特殊 稀释剂","SpecialDiluted","1"
"AblazeHelmet","413","阿博雷兹之盔","AblazeHelmet","13","二级材料","218","红色天然颜料","Lv12Refine_Dye_Red","1"
"AblazeHelmet","413","阿博雷兹之盔","AblazeHelmet","14","三级/中间材料","300","红色基诺之星","MixGem","2"
"AblazeHelmet","413","阿博雷兹之盔","AblazeHelmet","15","三级/中间材料","313","恶魔术士的蓝宝石","Advance_Item_RedJewel","2"
"AblazeHelmet","413","阿博雷兹之盔","AblazeHelmet","16","三级/中间材料","301","艾拉恩的 雅拉无 咒文书","Lv12Refine_YellowScroll","1"
"AblazeBoots","416","阿博雷兹之靴","AblazeBoots","0","成品行","416","阿博雷兹之靴","AblazeBoots","99"
"AblazeBoots","416","阿博雷兹之靴","AblazeBoots","1","三级/中间材料","308","燃起的烟火 衣料","Lv12Refine_FireCloth","2"
"AblazeBoots","416","阿博雷兹之靴","AblazeBoots","2","二级材料","213","萨菲罗斯 衣料","Lv12Refine_SephirothCloth","5"
"AblazeBoots","416","阿博雷兹之靴","AblazeBoots","3","二级材料","214","烟火之净水","Lv12Refine_Marrow_Fire","1"
"AblazeBoots","416","阿博雷兹之靴","AblazeBoots","4","三级/中间材料","309","皮带","Strap","2000"
"AblazeBoots","416","阿博雷兹之靴","AblazeBoots","5","三级/中间材料","310","魔力的 净水","Lv12Refine_Magic_Cream","1"
"AblazeBoots","416","阿博雷兹之靴","AblazeBoots","6","二级材料","215","精工宝石","WareGemstone","50"
"AblazeBoots","416","阿博雷兹之靴","AblazeBoots","7","二级材料","210","魔力石","PowerGem","50"
"AblazeBoots","416","阿博雷兹之靴","AblazeBoots","8","三级/中间材料","311","火山的 钢绞线","Lv12Refine_Yarn_Red","1"
"AblazeBoots","416","阿博雷兹之靴","AblazeBoots","9","二级材料","216","火山的 茧","Lv12Refine_Cocoon_Red","3"
"AblazeBoots","416","阿博雷兹之靴","AblazeBoots","10","三级/中间材料","312","魔力的 红色颜料","Lv12Refine_ManaDye_Red","2"
"AblazeBoots","416","阿博雷兹之靴","AblazeBoots","11","二级材料","210","魔力石","PowerGem","160"
"AblazeBoots","416","阿博雷兹之靴","AblazeBoots","12","二级材料","217","特殊 稀释剂","SpecialDiluted","1"
"AblazeBoots","416","阿博雷兹之靴","AblazeBoots","13","二级材料","218","红色天然颜料","Lv12Refine_Dye_Red","1"
"AblazeBoots","416","阿博雷兹之靴","AblazeBoots","14","三级/中间材料","300","红色基诺之星","MixGem","2"
"AblazeBoots","416","阿博雷兹之靴","AblazeBoots","15","三级/中间材料","313","恶魔术士的蓝宝石","Advance_Item_RedJewel","2"
"AblazeBoots","416","阿博雷兹之靴","AblazeBoots","16","三级/中间材料","301","艾拉恩的 雅拉无 咒文书","Lv12Refine_YellowScroll","1"
"AblazeVambrace","415","阿博雷兹之手","AblazeVambrace","0","成品行","415","阿博雷兹之手","AblazeVambrace","99"
"AblazeVambrace","415","阿博雷兹之手","AblazeVambrace","1","三级/中间材料","308","燃起的烟火 衣料","Lv12Refine_FireCloth","1"
"AblazeVambrace","415","阿博雷兹之手","AblazeVambrace","2","二级材料","213","萨菲罗斯 衣料","Lv12Refine_SephirothCloth","5"
"AblazeVambrace","415","阿博雷兹之手","AblazeVambrace","3","二级材料","214","烟火之净水","Lv12Refine_Marrow_Fire","1"
"AblazeVambrace","415","阿博雷兹之手","AblazeVambrace","4","三级/中间材料","309","皮带","Strap","2000"
"AblazeVambrace","415","阿博雷兹之手","AblazeVambrace","5","三级/中间材料","310","魔力的 净水","Lv12Refine_Magic_Cream","1"
"AblazeVambrace","415","阿博雷兹之手","AblazeVambrace","6","二级材料","215","精工宝石","WareGemstone","50"
"AblazeVambrace","415","阿博雷兹之手","AblazeVambrace","7","二级材料","210","魔力石","PowerGem","50"
"AblazeVambrace","415","阿博雷兹之手","AblazeVambrace","8","三级/中间材料","311","火山的 钢绞线","Lv12Refine_Yarn_Red","1"
"AblazeVambrace","415","阿博雷兹之手","AblazeVambrace","9","二级材料","216","火山的 茧","Lv12Refine_Cocoon_Red","3"
"AblazeVambrace","415","阿博雷兹之手","AblazeVambrace","10","三级/中间材料","312","魔力的 红色颜料","Lv12Refine_ManaDye_Red","1"
"AblazeVambrace","415","阿博雷兹之手","AblazeVambrace","11","二级材料","210","魔力石","PowerGem","160"
"AblazeVambrace","415","阿博雷兹之手","AblazeVambrace","12","二级材料","217","特殊 稀释剂","SpecialDiluted","1"
"AblazeVambrace","415","阿博雷兹之手","AblazeVambrace","13","二级材料","218","红色天然颜料","Lv12Refine_Dye_Red","1"
"AblazeVambrace","415","阿博雷兹之手","AblazeVambrace","14","三级/中间材料","300","红色基诺之星","MixGem","1"
"AblazeVambrace","415","阿博雷兹之手","AblazeVambrace","15","三级/中间材料","313","恶魔术士的蓝宝石","Advance_Item_RedJewel","1"
"AblazeVambrace","415","阿博雷兹之手","AblazeVambrace","16","三级/中间材料","301","艾拉恩的 雅拉无 咒文书","Lv12Refine_YellowScroll","1"
"ApliteBow","417","艾布莱德弓","ApliteBow","0","成品行","417","艾布莱德弓","ApliteBow","99"
"ApliteBow","417","艾布莱德弓","ApliteBow","1","三级/中间材料","314","强化 邕鳞 皮","Lv12Refine_DragonScale_Strong","4"
"ApliteBow","417","艾布莱德弓","ApliteBow","2","二级材料","219","坚韧 邕鳞 皮","Lv12Refine_DragonScale_Tough","2"
"ApliteBow","417","艾布莱德弓","ApliteBow","3","二级材料","220","贝壳","Patch","500"
"ApliteBow","417","艾布莱德弓","ApliteBow","4","三级/中间材料","310","魔力的 净水","Lv12Refine_Magic_Cream","1"
"ApliteBow","417","艾布莱德弓","ApliteBow","5","二级材料","215","精工宝石","WareGemstone","50"
"ApliteBow","417","艾布莱德弓","ApliteBow","6","二级材料","210","魔力石","PowerGem","50"
"ApliteBow","417","艾布莱德弓","ApliteBow","7","三级/中间材料","315","精灵 带有的 皮带","Lv12Refine_ElementalStrap","3"
"ApliteBow","417","艾布莱德弓","ApliteBow","8","二级材料","221","精灵之气","Lv12Refine_ElementalForce","1"
"ApliteBow","417","艾布莱德弓","ApliteBow","9","二级材料","213","萨菲罗斯 衣料","Lv12Refine_SephirothCloth","5"
"ApliteBow","417","艾布莱德弓","ApliteBow","10","二级材料","222","皮带","Strap","500"
"ApliteBow","417","艾布莱德弓","ApliteBow","11","三级/中间材料","316","幻想的宝石 装饰品","Lv12Refine_FantasticAccessory","3"
"ApliteBow","417","艾布莱德弓","ApliteBow","12","三级/中间材料","300","红色基诺之星","MixGem","5"
"ApliteBow","417","艾布莱德弓","ApliteBow","13","三级/中间材料","317","恶魔弓箭手的箭","Advance_Item_Arrow","4"
"ApliteBow","417","艾布莱德弓","ApliteBow","14","三级/中间材料","301","艾拉恩的 雅拉无 咒文书","Lv12Refine_YellowScroll","1"
"ApliteGarb","419","艾布莱德之甲","ApliteGarb","0","成品行","419","艾布莱德之甲","ApliteGarb","99"
"ApliteGarb","419","艾布莱德之甲","ApliteGarb","1","三级/中间材料","314","强化 邕鳞 皮","Lv12Refine_DragonScale_Strong","3"
"ApliteGarb","419","艾布莱德之甲","ApliteGarb","2","二级材料","219","坚韧 邕鳞 皮","Lv12Refine_DragonScale_Tough","2"
"ApliteGarb","419","艾布莱德之甲","ApliteGarb","3","二级材料","220","贝壳","Patch","500"
"ApliteGarb","419","艾布莱德之甲","ApliteGarb","4","三级/中间材料","310","魔力的 净水","Lv12Refine_Magic_Cream","1"
"ApliteGarb","419","艾布莱德之甲","ApliteGarb","5","二级材料","215","精工宝石","WareGemstone","50"
"ApliteGarb","419","艾布莱德之甲","ApliteGarb","6","二级材料","210","魔力石","PowerGem","50"
"ApliteGarb","419","艾布莱德之甲","ApliteGarb","7","三级/中间材料","315","精灵 带有的 皮带","Lv12Refine_ElementalStrap","3"
"ApliteGarb","419","艾布莱德之甲","ApliteGarb","8","二级材料","221","精灵之气","Lv12Refine_ElementalForce","1"
"ApliteGarb","419","艾布莱德之甲","ApliteGarb","9","二级材料","213","萨菲罗斯 衣料","Lv12Refine_SephirothCloth","5"
"ApliteGarb","419","艾布莱德之甲","ApliteGarb","10","二级材料","222","皮带","Strap","500"
"ApliteGarb","419","艾布莱德之甲","ApliteGarb","11","三级/中间材料","316","幻想的宝石 装饰品","Lv12Refine_FantasticAccessory","3"
"ApliteGarb","419","艾布莱德之甲","ApliteGarb","12","三级/中间材料","300","红色基诺之星","MixGem","5"
"ApliteGarb","419","艾布莱德之甲","ApliteGarb","13","三级/中间材料","317","恶魔弓箭手的箭","Advance_Item_Arrow","3"
"ApliteGarb","419","艾布莱德之甲","ApliteGarb","14","三级/中间材料","301","艾拉恩的 雅拉无 咒文书","Lv12Refine_YellowScroll","1"
"ApliteCap","418","艾布莱德之帽","ApliteCap","0","成品行","418","艾布莱德之帽","ApliteCap","99"
"ApliteCap","418","艾布莱德之帽","ApliteCap","1","三级/中间材料","314","强化 邕鳞 皮","Lv12Refine_DragonScale_Strong","2"
"ApliteCap","418","艾布莱德之帽","ApliteCap","2","二级材料","219","坚韧 邕鳞 皮","Lv12Refine_DragonScale_Tough","2"
"ApliteCap","418","艾布莱德之帽","ApliteCap","3","二级材料","220","贝壳","Patch","500"
"ApliteCap","418","艾布莱德之帽","ApliteCap","4","三级/中间材料","310","魔力的 净水","Lv12Refine_Magic_Cream","1"
"ApliteCap","418","艾布莱德之帽","ApliteCap","5","二级材料","215","精工宝石","WareGemstone","50"
"ApliteCap","418","艾布莱德之帽","ApliteCap","6","二级材料","210","魔力石","PowerGem","50"
"ApliteCap","418","艾布莱德之帽","ApliteCap","7","三级/中间材料","315","精灵 带有的 皮带","Lv12Refine_ElementalStrap","2"
"ApliteCap","418","艾布莱德之帽","ApliteCap","8","二级材料","221","精灵之气","Lv12Refine_ElementalForce","1"
"ApliteCap","418","艾布莱德之帽","ApliteCap","9","二级材料","213","萨菲罗斯 衣料","Lv12Refine_SephirothCloth","5"
"ApliteCap","418","艾布莱德之帽","ApliteCap","10","二级材料","222","皮带","Strap","500"
"ApliteCap","418","艾布莱德之帽","ApliteCap","11","三级/中间材料","316","幻想的宝石 装饰品","Lv12Refine_FantasticAccessory","2"
"ApliteCap","418","艾布莱德之帽","ApliteCap","12","三级/中间材料","300","红色基诺之星","MixGem","2"
"ApliteCap","418","艾布莱德之帽","ApliteCap","13","三级/中间材料","317","恶魔弓箭手的箭","Advance_Item_Arrow","2"
"ApliteCap","418","艾布莱德之帽","ApliteCap","14","三级/中间材料","301","艾拉恩的 雅拉无 咒文书","Lv12Refine_YellowScroll","1"
"ApliteSandal","421","艾布莱德之鞋","ApliteSandal","0","成品行","421","艾布莱德之鞋","ApliteSandal","99"
"ApliteSandal","421","艾布莱德之鞋","ApliteSandal","1","三级/中间材料","314","强化 邕鳞 皮","Lv12Refine_DragonScale_Strong","2"
"ApliteSandal","421","艾布莱德之鞋","ApliteSandal","2","二级材料","219","坚韧 邕鳞 皮","Lv12Refine_DragonScale_Tough","2"
"ApliteSandal","421","艾布莱德之鞋","ApliteSandal","3","二级材料","220","贝壳","Patch","500"
"ApliteSandal","421","艾布莱德之鞋","ApliteSandal","4","三级/中间材料","310","魔力的 净水","Lv12Refine_Magic_Cream","1"
"ApliteSandal","421","艾布莱德之鞋","ApliteSandal","5","二级材料","215","精工宝石","WareGemstone","50"
"ApliteSandal","421","艾布莱德之鞋","ApliteSandal","6","二级材料","210","魔力石","PowerGem","50"
"ApliteSandal","421","艾布莱德之鞋","ApliteSandal","7","三级/中间材料","315","精灵 带有的 皮带","Lv12Refine_ElementalStrap","2"
"ApliteSandal","421","艾布莱德之鞋","ApliteSandal","8","二级材料","221","精灵之气","Lv12Refine_ElementalForce","1"
"ApliteSandal","421","艾布莱德之鞋","ApliteSandal","9","二级材料","213","萨菲罗斯 衣料","Lv12Refine_SephirothCloth","5"
"ApliteSandal","421","艾布莱德之鞋","ApliteSandal","10","二级材料","222","皮带","Strap","500"
"ApliteSandal","421","艾布莱德之鞋","ApliteSandal","11","三级/中间材料","316","幻想的宝石 装饰品","Lv12Refine_FantasticAccessory","2"
"ApliteSandal","421","艾布莱德之鞋","ApliteSandal","12","三级/中间材料","300","红色基诺之星","MixGem","2"
"ApliteSandal","421","艾布莱德之鞋","ApliteSandal","13","三级/中间材料","317","恶魔弓箭手的箭","Advance_Item_Arrow","2"
"ApliteSandal","421","艾布莱德之鞋","ApliteSandal","14","三级/中间材料","301","艾拉恩的 雅拉无 咒文书","Lv12Refine_YellowScroll","1"
"ApliteSleevelet","420","艾布莱德之手","ApliteSleevelet","0","成品行","420","艾布莱德之手","ApliteSleevelet","99"
"ApliteSleevelet","420","艾布莱德之手","ApliteSleevelet","1","三级/中间材料","314","强化 邕鳞 皮","Lv12Refine_DragonScale_Strong","1"
"ApliteSleevelet","420","艾布莱德之手","ApliteSleevelet","2","二级材料","219","坚韧 邕鳞 皮","Lv12Refine_DragonScale_Tough","2"
"ApliteSleevelet","420","艾布莱德之手","ApliteSleevelet","3","二级材料","220","贝壳","Patch","500"
"ApliteSleevelet","420","艾布莱德之手","ApliteSleevelet","4","三级/中间材料","310","魔力的 净水","Lv12Refine_Magic_Cream","1"
"ApliteSleevelet","420","艾布莱德之手","ApliteSleevelet","5","二级材料","215","精工宝石","WareGemstone","50"
"ApliteSleevelet","420","艾布莱德之手","ApliteSleevelet","6","二级材料","210","魔力石","PowerGem","50"
"ApliteSleevelet","420","艾布莱德之手","ApliteSleevelet","7","三级/中间材料","315","精灵 带有的 皮带","Lv12Refine_ElementalStrap","2"
"ApliteSleevelet","420","艾布莱德之手","ApliteSleevelet","8","二级材料","221","精灵之气","Lv12Refine_ElementalForce","1"
"ApliteSleevelet","420","艾布莱德之手","ApliteSleevelet","9","二级材料","213","萨菲罗斯 衣料","Lv12Refine_SephirothCloth","5"
"ApliteSleevelet","420","艾布莱德之手","ApliteSleevelet","10","二级材料","222","皮带","Strap","500"
"ApliteSleevelet","420","艾布莱德之手","ApliteSleevelet","11","三级/中间材料","316","幻想的宝石 装饰品","Lv12Refine_FantasticAccessory","1"
"ApliteSleevelet","420","艾布莱德之手","ApliteSleevelet","12","三级/中间材料","300","红色基诺之星","MixGem","1"
"ApliteSleevelet","420","艾布莱德之手","ApliteSleevelet","13","三级/中间材料","317","恶魔弓箭手的箭","Advance_Item_Arrow","1"
"ApliteSleevelet","420","艾布莱德之手","ApliteSleevelet","14","三级/中间材料","301","艾拉恩的 雅拉无 咒文书","Lv12Refine_YellowScroll","1"
"GlaciesStick","422","格莱西之棍","GlaciesStick","0","成品行","422","格莱西之棍","GlaciesStick","99"
"GlaciesStick","422","格莱西之棍","GlaciesStick","1","三级/中间材料","318","结冰的月光 衣料","Lv12Refine_IceCloth","5"
"GlaciesStick","422","格莱西之棍","GlaciesStick","2","二级材料","213","萨菲罗斯 衣料","Lv12Refine_SephirothCloth","5"
"GlaciesStick","422","格莱西之棍","GlaciesStick","3","二级材料","223","冰的 净水","Lv12Refine_Marrow_Ice","1"
"GlaciesStick","422","格莱西之棍","GlaciesStick","4","三级/中间材料","309","皮带","Strap","2000"
"GlaciesStick","422","格莱西之棍","GlaciesStick","5","三级/中间材料","310","魔力的 净水","Lv12Refine_Magic_Cream","1"
"GlaciesStick","422","格莱西之棍","GlaciesStick","6","二级材料","215","精工宝石","WareGemstone","50"
"GlaciesStick","422","格莱西之棍","GlaciesStick","7","二级材料","210","魔力石","PowerGem","50"
"GlaciesStick","422","格莱西之棍","GlaciesStick","8","三级/中间材料","319","生命的 钢绞线","Lv12Refine_Yarn_Green","1"
"GlaciesStick","422","格莱西之棍","GlaciesStick","9","二级材料","224","生命的 茧","Lv12Refine_Cocoon_Green","3"
"GlaciesStick","422","格莱西之棍","GlaciesStick","10","三级/中间材料","320","魔力的 绿色 颜料","Lv12Refine_ManaDye_Blue","2"
"GlaciesStick","422","格莱西之棍","GlaciesStick","11","二级材料","210","魔力石","PowerGem","160"
"GlaciesStick","422","格莱西之棍","GlaciesStick","12","二级材料","217","特殊 稀释剂","SpecialDiluted","1"
"GlaciesStick","422","格莱西之棍","GlaciesStick","13","二级材料","225","绿色 天然颜料","Lv12Refine_Dye_Blue","1"
"GlaciesStick","422","格莱西之棍","GlaciesStick","14","三级/中间材料","300","红色基诺之星","MixGem","4"
"GlaciesStick","422","格莱西之棍","GlaciesStick","15","三级/中间材料","321","恶魔术士的蓝宝石","Advance_Item_BlueJewel","3"
"GlaciesStick","422","格莱西之棍","GlaciesStick","16","三级/中间材料","301","艾拉恩的 雅拉无 咒文书","Lv12Refine_YellowScroll","1"
"GlaciesGown","424","格莱西之服","GlaciesGown","0","成品行","424","格莱西之服","GlaciesGown","99"
"GlaciesGown","424","格莱西之服","GlaciesGown","1","三级/中间材料","318","结冰的月光 衣料","Lv12Refine_IceCloth","3"
"GlaciesGown","424","格莱西之服","GlaciesGown","2","二级材料","213","萨菲罗斯 衣料","Lv12Refine_SephirothCloth","5"
"GlaciesGown","424","格莱西之服","GlaciesGown","3","二级材料","223","冰的 净水","Lv12Refine_Marrow_Ice","1"
"GlaciesGown","424","格莱西之服","GlaciesGown","4","三级/中间材料","309","皮带","Strap","2000"
"GlaciesGown","424","格莱西之服","GlaciesGown","5","三级/中间材料","310","魔力的 净水","Lv12Refine_Magic_Cream","1"
"GlaciesGown","424","格莱西之服","GlaciesGown","6","二级材料","215","精工宝石","WareGemstone","50"
"GlaciesGown","424","格莱西之服","GlaciesGown","7","二级材料","210","魔力石","PowerGem","50"
"GlaciesGown","424","格莱西之服","GlaciesGown","8","三级/中间材料","319","生命的 钢绞线","Lv12Refine_Yarn_Green","1"
"GlaciesGown","424","格莱西之服","GlaciesGown","9","二级材料","224","生命的 茧","Lv12Refine_Cocoon_Green","3"
"GlaciesGown","424","格莱西之服","GlaciesGown","10","三级/中间材料","320","魔力的 绿色 颜料","Lv12Refine_ManaDye_Blue","2"
"GlaciesGown","424","格莱西之服","GlaciesGown","11","二级材料","210","魔力石","PowerGem","160"
"GlaciesGown","424","格莱西之服","GlaciesGown","12","二级材料","217","特殊 稀释剂","SpecialDiluted","1"
"GlaciesGown","424","格莱西之服","GlaciesGown","13","二级材料","225","绿色 天然颜料","Lv12Refine_Dye_Blue","1"
"GlaciesGown","424","格莱西之服","GlaciesGown","14","三级/中间材料","300","红色基诺之星","MixGem","3"
"GlaciesGown","424","格莱西之服","GlaciesGown","15","三级/中间材料","321","恶魔术士的蓝宝石","Advance_Item_BlueJewel","3"
"GlaciesGown","424","格莱西之服","GlaciesGown","16","三级/中间材料","301","艾拉恩的 雅拉无 咒文书","Lv12Refine_YellowScroll","1"
"GlaciesCap","423","格莱西之帽","GlaciesCap","0","成品行","423","格莱西之帽","GlaciesCap","99"
"GlaciesCap","423","格莱西之帽","GlaciesCap","1","三级/中间材料","318","结冰的月光 衣料","Lv12Refine_IceCloth","2"
"GlaciesCap","423","格莱西之帽","GlaciesCap","2","二级材料","213","萨菲罗斯 衣料","Lv12Refine_SephirothCloth","5"
"GlaciesCap","423","格莱西之帽","GlaciesCap","3","二级材料","223","冰的 净水","Lv12Refine_Marrow_Ice","1"
"GlaciesCap","423","格莱西之帽","GlaciesCap","4","三级/中间材料","309","皮带","Strap","2000"
"GlaciesCap","423","格莱西之帽","GlaciesCap","5","三级/中间材料","310","魔力的 净水","Lv12Refine_Magic_Cream","1"
"GlaciesCap","423","格莱西之帽","GlaciesCap","6","二级材料","215","精工宝石","WareGemstone","50"
"GlaciesCap","423","格莱西之帽","GlaciesCap","7","二级材料","210","魔力石","PowerGem","50"
"GlaciesCap","423","格莱西之帽","GlaciesCap","8","三级/中间材料","319","生命的 钢绞线","Lv12Refine_Yarn_Green","1"
"GlaciesCap","423","格莱西之帽","GlaciesCap","9","二级材料","224","生命的 茧","Lv12Refine_Cocoon_Green","3"
"GlaciesCap","423","格莱西之帽","GlaciesCap","10","三级/中间材料","320","魔力的 绿色 颜料","Lv12Refine_ManaDye_Blue","2"
"GlaciesCap","423","格莱西之帽","GlaciesCap","11","二级材料","210","魔力石","PowerGem","160"
"GlaciesCap","423","格莱西之帽","GlaciesCap","12","二级材料","217","特殊 稀释剂","SpecialDiluted","1"
"GlaciesCap","423","格莱西之帽","GlaciesCap","13","二级材料","225","绿色 天然颜料","Lv12Refine_Dye_Blue","1"
"GlaciesCap","423","格莱西之帽","GlaciesCap","14","三级/中间材料","300","红色基诺之星","MixGem","2"
"GlaciesCap","423","格莱西之帽","GlaciesCap","15","三级/中间材料","321","恶魔术士的蓝宝石","Advance_Item_BlueJewel","2"
"GlaciesCap","423","格莱西之帽","GlaciesCap","16","三级/中间材料","301","艾拉恩的 雅拉无 咒文书","Lv12Refine_YellowScroll","1"
"GlaciesSandal","426","格莱西之鞋","GlaciesSandal","0","成品行","426","格莱西之鞋","GlaciesSandal","99"
"GlaciesSandal","426","格莱西之鞋","GlaciesSandal","1","三级/中间材料","318","结冰的月光 衣料","Lv12Refine_IceCloth","2"
"GlaciesSandal","426","格莱西之鞋","GlaciesSandal","2","二级材料","213","萨菲罗斯 衣料","Lv12Refine_SephirothCloth","5"
"GlaciesSandal","426","格莱西之鞋","GlaciesSandal","3","二级材料","223","冰的 净水","Lv12Refine_Marrow_Ice","1"
"GlaciesSandal","426","格莱西之鞋","GlaciesSandal","4","三级/中间材料","309","皮带","Strap","2000"
"GlaciesSandal","426","格莱西之鞋","GlaciesSandal","5","三级/中间材料","310","魔力的 净水","Lv12Refine_Magic_Cream","1"
"GlaciesSandal","426","格莱西之鞋","GlaciesSandal","6","二级材料","215","精工宝石","WareGemstone","50"
"GlaciesSandal","426","格莱西之鞋","GlaciesSandal","7","二级材料","210","魔力石","PowerGem","50"
"GlaciesSandal","426","格莱西之鞋","GlaciesSandal","8","三级/中间材料","319","生命的 钢绞线","Lv12Refine_Yarn_Green","1"
"GlaciesSandal","426","格莱西之鞋","GlaciesSandal","9","二级材料","224","生命的 茧","Lv12Refine_Cocoon_Green","3"
"GlaciesSandal","426","格莱西之鞋","GlaciesSandal","10","三级/中间材料","320","魔力的 绿色 颜料","Lv12Refine_ManaDye_Blue","2"
"GlaciesSandal","426","格莱西之鞋","GlaciesSandal","11","二级材料","210","魔力石","PowerGem","160"
"GlaciesSandal","426","格莱西之鞋","GlaciesSandal","12","二级材料","217","特殊 稀释剂","SpecialDiluted","1"
"GlaciesSandal","426","格莱西之鞋","GlaciesSandal","13","二级材料","225","绿色 天然颜料","Lv12Refine_Dye_Blue","1"
"GlaciesSandal","426","格莱西之鞋","GlaciesSandal","14","三级/中间材料","300","红色基诺之星","MixGem","2"
"GlaciesSandal","426","格莱西之鞋","GlaciesSandal","15","三级/中间材料","321","恶魔术士的蓝宝石","Advance_Item_BlueJewel","2"
"GlaciesSandal","426","格莱西之鞋","GlaciesSandal","16","三级/中间材料","301","艾拉恩的 雅拉无 咒文书","Lv12Refine_YellowScroll","1"
"GlaciesSleevelet","425","格莱西之手","GlaciesSleevelet","0","成品行","425","格莱西之手","GlaciesSleevelet","99"
"GlaciesSleevelet","425","格莱西之手","GlaciesSleevelet","1","三级/中间材料","318","结冰的月光 衣料","Lv12Refine_IceCloth","1"
"GlaciesSleevelet","425","格莱西之手","GlaciesSleevelet","2","二级材料","213","萨菲罗斯 衣料","Lv12Refine_SephirothCloth","5"
"GlaciesSleevelet","425","格莱西之手","GlaciesSleevelet","3","二级材料","223","冰的 净水","Lv12Refine_Marrow_Ice","1"
"GlaciesSleevelet","425","格莱西之手","GlaciesSleevelet","4","三级/中间材料","309","皮带","Strap","2000"
"GlaciesSleevelet","425","格莱西之手","GlaciesSleevelet","5","三级/中间材料","310","魔力的 净水","Lv12Refine_Magic_Cream","1"
"GlaciesSleevelet","425","格莱西之手","GlaciesSleevelet","6","二级材料","215","精工宝石","WareGemstone","50"
"GlaciesSleevelet","425","格莱西之手","GlaciesSleevelet","7","二级材料","210","魔力石","PowerGem","50"
"GlaciesSleevelet","425","格莱西之手","GlaciesSleevelet","8","三级/中间材料","319","生命的 钢绞线","Lv12Refine_Yarn_Green","1"
"GlaciesSleevelet","425","格莱西之手","GlaciesSleevelet","9","二级材料","224","生命的 茧","Lv12Refine_Cocoon_Green","3"
"GlaciesSleevelet","425","格莱西之手","GlaciesSleevelet","10","三级/中间材料","320","魔力的 绿色 颜料","Lv12Refine_ManaDye_Blue","1"
"GlaciesSleevelet","425","格莱西之手","GlaciesSleevelet","11","二级材料","210","魔力石","PowerGem","160"
"GlaciesSleevelet","425","格莱西之手","GlaciesSleevelet","12","二级材料","217","特殊 稀释剂","SpecialDiluted","1"
"GlaciesSleevelet","425","格莱西之手","GlaciesSleevelet","13","二级材料","225","绿色 天然颜料","Lv12Refine_Dye_Blue","1"
"GlaciesSleevelet","425","格莱西之手","GlaciesSleevelet","14","三级/中间材料","300","红色基诺之星","MixGem","1"
"GlaciesSleevelet","425","格莱西之手","GlaciesSleevelet","15","三级/中间材料","321","恶魔术士的蓝宝石","Advance_Item_BlueJewel","1"
"GlaciesSleevelet","425","格莱西之手","GlaciesSleevelet","16","三级/中间材料","301","艾拉恩的 雅拉无 咒文书","Lv12Refine_YellowScroll","1"
